Title,Company,Location,Skills,Salary,Description,Apply Link
Lighting Systems Project Manager,Heartland Scenic Studio,"Heartland Scenic StudioOmaha, NE 68110",Not listed,"$52,000 - $55,000 a year",Not listed,https://www.indeed.com/pagead/clk?mo=r&ad=-6NYlbfkN0DZrfVaIgMlMe2eiEpGdsHdMpS5XNAb0K_KSG08vZuE3ej0CB9Z4CKQBLvg26xAo0Uq4WODQKpZ6MP9NsJhDZdIdEn--ppywK3_XK3ITPZTEVv9YJQn-UcBOzmY4Ba8wCi_e5W3ILV90ip0NXXk-MrQD586cuN92i_w5w77BXQL3Euw7dXW_tjjJD_nRODqofhSQm3nbluB47xudxnL__9Y2bR6U9SwNJqz6748Y9Q9tKaa5Q-qIcXd8wJtI3mygu7UmcnNzJLKExRne6TRwuQNwTKCgmXEAU7W3BV0MmM7vmUkkPYCTcCW9pHQ1P077NY0qlQuMIiHj8I0IEQnBLy7Vd-02yfIaeLlmpelxnw-0Hsq9UXsaPnhz-Oih1VRrZBPlSsUKMsAWhOoUm8Nfndgq4bgRWEX-9wdrVeVBb8PL964VuIi24PmpddqxQkkJc-VdfXhDtKFwcU8ka6fI5-FizkRHijuww7b5SsiScPW38r7vEwwitB_GxGd623HaO0DmdeEvDcRqwqM2JnLLgpJJt0k6rk0lizsSjR5h93B_3dj0REGFy8N3jIJS70h-rtVWXUV74reIfX4bXq8uxIi7qicEEJ54zQ69fkI1uG5po51vO-3dOHI5J4q91ZZRbk=&xkcb=SoCT6_M3E7y87vSsKB0LbzkdCdPP&camk=4HOcmqOLYrC6xVVfVoA3lQ==&p=0&fvj=1&vjs=3
Sports Writer,Daily American Republic,"Daily American RepublicPoplar Bluff, MO 63901",Not listed,"From $36,000 a year",Not listed,https://www.indeed.com/pagead/clk?mo=r&ad=-6NYlbfkN0DpykLdxnvHeks-qLVtNzeWNviWSprMyBgRx4qv8IanUMOLzuOBuInopJEdTi8AKYkIs1mhcSzvuuIE_9a3b5gtXA--RCf25CxDxCQDgWItthUh7-UmjJ1nCvXaFMffcr3HeM34jm3TUFQUIbgJmIG7V1yirVVwutrkWzoEDjT53yBuy7Xdah82s22rrP-lIsApvuC6UbPE46DrIFIdI3WlGIPF-JbaSmvtW_YTwXK4XgYyZ1P0EJCUlXxlGPW9ufLcqWFS8qJDuVVF3Xs-fFt5xcR8-uvxca8b9PiTZlel89ZwbDV6OAOFLQHxKq6_KM-984i3qDzZri7Sqb8qXXkXsRGqKxSZmaA_bHtYSoGRMthhHwRaR_Uxmhh_uTk3kBOQwAfn-dDV2HktBQf4pTpWCQL87a0g_7I2IOxEiLSUCAd_l0dIGxdwbj6ihLS8nzXg_o1n9gxDsf1E5ZHWEPVjQuwwKhHusemoEVdGuXD0dAtO4YnrZChcpky_E-BAi2-rQLuAnTWLcOmh_GQgB-OZKWhTT-8gSMDSRVGIM4vLFT6y59d_zKw9ZQE_9C7qo02Ac-dDYiTquKj76N4F3IMYuPCI8RbZWBTXvtzADIoeIkxWDZ4VsxC4&xkcb=SoAn6_M3E7y87vSsKB0KbzkdCdPP&camk=4HOcmqOLYrApHjGj1SLfmQ==&p=1&fvj=1&vjs=3
Social Media Specialist,All Flavors Catering,"All Flavors CateringHybrid remote in Houston, TX 77095",Not listed,$16 - $20 an hour,Not listed,https://www.indeed.com/pagead/clk?mo=r&ad=-6NYlbfkN0CCEDE-qArQkZ5pbpRA4dKpESLKzG99_NZReET_uoI7fPXLxJBFRfxxvOiJj8kgWtgyigcz-ya9PMpo0qoGCi_a3Yx78-JqGW2MIPxBt7SKFua961NNSXtYOqxbi38oDLzgYgBjMAAM-L0QlO6NGf08NjbTb4tYLwcT31T4AlAdYoAuuZu5T0_5SmyhcTnNi3_VU9Rs_y5gs53tAcP6nNKS--DeJ38MgZwovx_Luad_ImEz9d9OM1vEh9zayHfp7FHYgzQcYqpyXF6B-HugvM2S5WmqE1v5M8vbSsT7QMFRuWAm6cB8HZfX00U9-PENzxm66KiRFif_mno9Gtp6anW2alFbPqPUWr2p14wQ159G_Yj2EAnmvI2HCuP7E1yAm41xbMCAPs25h6hanXwpdH3Ru0tfwfCw1LjQON93GsYZ2coOIzDZNlTHINPy61BL6e1wWiGv3QtHHVkuYhb6nYl8R4oU6uzvBNEfGi_TQhEpIya3EXhvoqGctQhYZiTpaB1Lmngou2zDZrLpXwjg9-q7_ydNxPPHklCct-Wrz_k4tlHOGL0updZ6g_aLZ052rralYJbYfthFOykOjI4RkgQD3Dw0YFA6S54Fs_XiJqN6Ng==&xkcb=SoC66_M3E7y87vSsKB0JbzkdCdPP&camk=4HOcmqOLYrAFUrsSIfqp-g==&p=2&fvj=1&vjs=3
Social Media Manager,Red Carpet Dating,Red Carpet DatingRemote,Not listed,"From $2,600 a month",Not listed,https://www.indeed.com/rc/clk?jk=d70fac90b9c1c9d7&bb=tUTtLuNxgyMexxqgBXC7-nJVNpG_YqMCGpd-wmzaJUMdnr5ozR49Nqwix4DUMRAj79ewixlUM_HlvNq7-9tkuK_yDMo0f0pPW7sRcrko-1M%3D&xkcb=SoD667M3E7y87vSsKB0IbzkdCdPP&fccid=8a7b92d47c536341&cmp=Red-Carpet-Dating&ti=Social+Media+Manager&vjs=3
Social Media Manager,Drunken Cookies,"Drunken CookiesSan Juan, PR 00901 (Old San Juan area)",Not listed,$12 an hour,Not listed,https://www.indeed.com/pagead/clk?mo=r&ad=-6NYlbfkN0BjWlJ6aDpvZLhDUJaalAjw17cJw9p_EfCiyrrxtOnkNMnPI87hbAttKRWX_sZ-0jIFBj7Elp3IDFDDWNct1poGvRwar3kPg8h1D9By1JZVA4VmMsxKKgOh5LikorRQ2-xjU8Pp2TztwjfUKW3YGrPuIU3I6y12MoleMLgGREcb8jE2yocAc-n8xOW_gDdWYuNfe-BX7WL3gZ69h9vLXOyMa6cS4x2B6tryClhCwRzxUCGZlAZzG60A1_33BoURku9u6eWafuSu5TKsSSLKPx5CdqFVlmTldySvZ-Q8SVFLXz6dYBLc6AI8gU9a8r6evtYoh13wOiciFh4maLMcZt1ouYu1pfIwauk4o58Bk3M8TwiwI0YGVxSrfpCf7mjkqynZ7xWCsngwIqP4l5MmZyAT7k3KXWQxriHzDjMBXth1CnF_LUKGBnszg33fmBFj7oxc-EIbkd8lYDQ4eCJrozTEqxhWEyGfhMJOwjuyjUO-ncYse5QXX08Tobyagl7lr9GoHtcyxw-Llkom_grUoQcwGCmuje9DbNgc0eGK7Hc2eYPUS2webt7Vgb7WxcHD97zcRjan9dABVdiBVkiJnqYNaM0h-27C5H0=&xkcb=SoCA6_M3E7y87vSsKB0PbzkdCdPP&camk=4HOcmqOLYrA-xfGLh5XOFA==&p=4&fvj=1&vjs=3
Digital Media Specialist,NewGen Marketing,"NewGen Marketing5.0Hybrid remote in Tampa, FL 33607",Not listed,"$45,085 - $55,104 a year",Not listed,https://www.indeed.com/pagead/clk?mo=r&ad=-6NYlbfkN0AqTb13YxH-yY7Z-HKxeRWgarlxAZwOTWM20IneHS_c_pNLyZqx9AJBSdkhyTg0oPaeq8Ocgfo4F5Tzd9q7sIbMaiBOPvZjJo3oGtXn7Z-Jz414fxK6m-VUd2bucu9Zrxcauu4nnxQ6oCkU2sorOi5lsSPQKjLddI4W_2gmDJvK1agWfSPCROxmZAPRUB7IKqGNWk1XaEWs1zfMg4gJZXKO-dv5kH3sYNhtjCOYq4NCCw0GCLJExZt1hI9wgAOarAa-DJghI_8jdMC6k4CCiWw2JBEwbD7kLpnI4gPxpm3kq9LDPHDgviKjfq2g-EzVLG6uK7gx_yH41-HKtXacfOFRDv0Ve-ycIw7giaHlcShgiPwmPXat-jnD_YxisXsy2XTr0P0-HcwuGvYEsoHJKL-iFA_pVCFzY2ikzYPZbbTORjB2Pr1roH6jDLVZ3My6JCYYIPZbn-LzEJEx5DoF4dTO-2OGJC4xO7bzIOSAkLVoUMZIat--0Bv49XoAcz32-zswuZRz3iB5HTgSzJZftO-8BG_URfFBbjZIL17M5uIad6EIZ5F2KHYFJQR9groo9szmuwBdclff6Z1usk5z5LcPlB-KVNVVTwWh8ToWzh1_3g==&xkcb=SoA06_M3E7y87vSsKB0ObzkdCdPP&camk=4HOcmqOLYrCeyb41hAfuYA==&p=5&fvj=1&vjs=3
Personal Assistant/Social Media Assistant,Confidential,"ConfidentialHouston, TX",Not listed,$22 - $25 an hour,Not listed,https://www.indeed.com/pagead/clk?mo=r&ad=-6NYlbfkN0CQC4J9h95XTBzdKqcBtlvjgdznTeH5LQwprdO8-DvpKaICfbGvF9PYK9WmXEDIQiztIJKV6aEx-d37UZjyas1d86ktaEAh1bw7ewidYsyz9Yg5wQiyuCWZdi53w3xk6ZE-4n4yN8_6860MbHu4yTLnFNdw6ebT9BjFFLG5MsUm4MRH5xuIOficPYsnASBhcqBtlucxxFb2vAQCpGofkF9oixG4Uw3_ssvf1cSbezJgIfkvEdlQr4bafQ_KkAO1NAY2Iy0-Pj2XlhZGcM4Tab8CXgj3IReZ8MEBfaYUI3IOfN1MMxMjAKACfvjoknDiLrtb9BoN9VRaR3vSUQZpHp6wpSuYQ5VIyCsuNbtHwPw9nmZvRiWyBp0dG0FO55H1m79aw2NhYGEKsMrNFqKIVNMSOqDxEN7GZcEIvuabAtcP3ONi-8qn4ELGL2tHUFhRe4AzaOAdFksMcfeTAuGQMFwHASWUUs37QedhPw1fpAzJgfJJv0dUSuMesytR9b2crm_aIq4yj397GIeK5x-bnvVIfJYPk0wtu8dq63RoCLFWi1ajTvUrE4VdJKYMkGQXXDPvI8gMSMqWme4K2sPVfYM5ZadKxBHNuBX86i2dV0_9jgDBl94wTmPzRE-E2Ce7Pd0FBKfUpiqJYA==&xkcb=SoCp6_M3E7y87vSsKB0NbzkdCdPP&camk=4HOcmqOLYrDTlcBxF1OtOQ==&p=6&fvj=1&vjs=3
Hebrew Fluent Tech Study Technician: Voice Recording Moderator - ASAP,Wireless Testing Solutions,"Wireless Testing SolutionsAventura, FL",Not listed,$20 an hour,Not listed,https://www.indeed.com/pagead/clk?mo=r&ad=-6NYlbfkN0Bg9IXuhKL7hs-_8DDBqh64tGlOqT78Knmh6Imb-S9RXrX2Z7MPbyYYXffK1r9fJyGiEhwXgSs1CvMr3HY2OnixfjCM4oaPCsWOerMreFvxnqMS2hExox8-I64WY4IRu3xWGZRLgVOgMk5ZE5uDsyH3aFWZEapQr_RFZdsLe20AZ8voZ1UfdMj1G0PghmJB6yhNgDhp5hDq366IqizLNLTIcl7FuvleiFR5vpYpq4vusLl8aNLcFyMGmS0CdqE1JODW-fcRKHLMUZzh0YXinxSfvwMTWSbG15cQl59uOVNr_y1QTrk5lGJAYl12P1iaNuaV0RczXT0Iygapk3ANgDOX9lfw-gnu0dTWNrD3UoGA4og36GKVeFt-LMhc-qoEZPJgnHnPOSlhixmIsWRAbyR-bDnOdy2W4YvNgIM9bxrPmszH1N9s3niwOl0WuUhpIkrIOcpFcjuMMctzXzX_gXKLIQUI3UDFUXjq_6PaytqrxrfRiotroCALbqCgAC9ATCjVImUfQwMgWMhyt8G4oBQ-F0MKcN7alLajwiujVbxSoyx3TbhGCdKqqmKZgeFKCTxLIDY-Np_mS5UGviCiW1aKHy7noMTYKFun7hS1--XueJmqf-lvOXW6BMeLDsBHt1fdpTJpoY-Kp2EmlxeDLf2uastg3XE-PV7kPalNYRzlKw==&xkcb=SoAd6_M3E7y87vSsKB0MbzkdCdPP&camk=4HOcmqOLYrCMqLiRvJBUwg==&p=7&fvj=1&vjs=3
Social Media Marketing (Tik Tok),Bingo Loco,"Bingo LocoHybrid remote in New York, NY 10007Park Place",Not listed,From $20 an hour,Not listed,https://www.indeed.com/rc/clk?jk=4ee5fb286908d07a&bb=tUTtLuNxgyMexxqgBXC7-qOeblXanPwcEyMWOigEW96v7CWE3OcPJlC-4ripWIa28RvRWJN5SsHGWyepwmaoaB_YuAkBFEldGYg2_KIp8Iqc0idtFLkTYg%3D%3D&xkcb=SoAA67M3E7y87vSsKB0DbzkdCdPP&fccid=dcf0efee6f579660&cmp=Legs-Eleven-Ltd&ti=Social+Media+Specialist&vjs=3
Brand and Social Media Ambassador,Vera Cultivation,Vera CultivationColorado,Not listed,"$50,000 - $55,000 a year",Not listed,https://www.indeed.com/pagead/clk?mo=r&ad=-6NYlbfkN0AnK00Vb3Ebd7nmxxpDEXO_LhbgegEo328L556HxT05gjgzpDh1q-hgNkKhjB-I7O_mk2W-ZnSZjhp1E1W6J_Ow-DMfUKeodKu4Tsu5b3jhjzn5KbMNqOnOS6rFVPZWRnHPd5yY5ny4x-IF37A-9ABBeGNlZ0WALuGsNG9UjZWLz_CvA5N26cZoyAg9159oJHM-8zwwuA8iug53CrmRmUJbautvP10cNskKCmzZOIC4RL8sihdKCVSfKliggBJiyuON-QT1DHBis4gYXYKqnPOsMAct3CRN-NeKH9uQLOWRfb_E2qSc6UTD3TV5AJGB6RGalvkV4ZEfWot4XZYrYoh_yux4uNQeFgMkdEZSyzjQHkFzWY2D0rVDhyO7Y3nf5Tcx_lcFEZpqlF9bRwYkVQM_yKaxb0cyXICY8AkYQOhBjNuZIv1K96WnUmAmQVBTIMradBCxyK4ufMKuU0LEZbDlLl9P58Dq9YoG4wEEummG0fP5mRND18aeBByGu72S6cKF2OHDCYqylH_m1QEX3ZTylz3-gxE81fcEuXNNuvJKhHJ9OmpC3oA2rCgx2HU9xoia7c2LYhpD8hdN8W3eZbiyL-UQAMEt4_5NYdCtac5XiyKtGxL3SLGNvDQb7Xx4ndY=&xkcb=SoBA6_M3E7y87vSsKB0CbzkdCdPP&camk=4HOcmqOLYrD_krWZrqE7Yw==&p=9&fvj=1&vjs=3
Now Hiring Roadie/Event Assistant,3 West Productions,"3 West ProductionsLancaster, PA",Not listed,$200 a day,Not listed,https://www.indeed.com/pagead/clk?mo=r&ad=-6NYlbfkN0DvbsuIVMfVECBZWl3-NrdTzz1iKxVXDbKQVs-DkFXSog3ox_yWS48R-DxVxotbIt7AA1i6oEBATL5BB6vSDXI0ycxUgEmZeQE7GHG-DijaNYVTC4cgdMSQiKUWN1ba0m6dHZa-at8NAaj3ZeSdw-paZONPETKfworqcQZFQe-VFjr43EwdtuHjVVql2Mw36_ET6xiYVu98mXsohrU_SppXZXFbsSWvCTMMlhQ7e0XsrwppIFbgrcaptUgKyUC0bJmsGFliXA5IqVQt2O5J4ecjUGI16saye36kBhoWXugBmGfxmQuKWfkr3a0AYy_h91RguqqDrvhxBnjd3DVNXiF-lSAftUmTZORElBl01X4FnJQSWd36W5zJG5X-EykT66YNJTJ8wWrOpHzlaXPUbIZjrmWv5itCwiYFuNs1VFnVWyMJwz9os3DaKz6MtKKtEb2Y1gk4cQPS9esxEbMrsvNcHWoPCeXuvDWPzxMIKGm6mxHC3Ay4zq77hGM7Og0JdqaaWfnx2CXL-I2BWK-BbXOfHlH4GusNoC61A4P0r26X8jGQ3eVS-hl1gKJ9wAG3j0fzivZhTto_8_lfxLdqvkackVcPdtitbvSeUeGeKO769dve_nPkMGtp&xkcb=SoDd6_M3E7y87vSsKB0BbzkdCdPP&camk=4HOcmqOLYrBkZQ2rM5OM2Q==&p=10&fvj=1&vjs=3
"Coordinator, Social Media (Tik Tok) - Temporary",National Hockey League (NHL),"National Hockey League (NHL)New York, NY",Not listed,Not listed,Not listed,https://www.indeed.com/rc/clk?jk=52cece1e89738ac6&bb=tUTtLuNxgyMexxqgBXC7-nJVNpG_YqMCk2a_lRTfhm9gO5-5D-tIJik-qUiaoxHLD6OJIBiF4wKhjgBIeUH4V-AUPCrO5V6E7ms5Zapgn_s%3D&xkcb=SoCd67M3E7y87vSsKB0AbzkdCdPP&fccid=9636c525266d3ed0&vjs=3
Social Media Manager,Foodinis catering,Foodinis cateringRemote in New Jersey,Not listed,Not listed,Not listed,https://www.indeed.com/rc/clk?jk=3390fe443892ad15&bb=tUTtLuNxgyMexxqgBXC7-lolcBUupeNYK-VPImGzgrv2TSkvy3rPWjNZUg-ofeBTkTH1UzzZU6RjjCNrhmnVIMUpCzkpnCGOqglxpiDG3rM%3D&xkcb=SoAT67M3E7y87vSsKB0HbzkdCdPP&fccid=397ef97bdcc305e5&cmp=Foodini%2527s-catering&ti=Social+Media+Manager&vjs=3
Social Media Influencer,Why Main Street,Why Main StreetRemote,Not listed,Not listed,Not listed,https://www.indeed.com/rc/clk?jk=9cd87649961ca77b&bb=tUTtLuNxgyMexxqgBXC7-piLzgUR_9Ip23N6fi06_3_JDD3reDQYpjbE342Pn0cqcmcy99fqG1a6qb9Nkbh3d3684DHTEx10uM9V24ag3vs%3D&xkcb=SoCn67M3E7y87vSsKB0GbzkdCdPP&fccid=83bdca5418063030&cmp=Why-Main-Street&ti=Social+Media+Specialist&vjs=3
"Specialist, Social Media and Influencer Strategy",Chanel,"ChanelHybrid remote in New York, NY",Not listed,Not listed,Not listed,https://www.indeed.com/rc/clk?jk=2c2ed5a45c180519&bb=tUTtLuNxgyMexxqgBXC7-mI-Q5D2HY-uwEG8DEm-UZSNTzACWEMV4DaQrk_96B0B15Lwggp1a-BvkiKz7LvSIwRAem92aaOBZNriVAQ0wgM%3D&xkcb=SoA667M3E7y87vSsKB0FbzkdCdPP&fccid=99a9c7df17db8fc8&vjs=3
Social Media Coordinator,Associated Mortgage Brokers,"Associated Mortgage BrokersPortland, OR",Not listed,$20 - $30 an hour,Not listed,https://www.indeed.com/rc/clk?jk=fc112b4fdbc10c17&bb=dEP6YqtiHuzSBbMT3JHag0Hr-1_cCT2wvbZPm08RIZ9qx8BzXqbS3_JVwnOWKFCb2qEaTalmY_e8Pnc8XSuW6XILQQbbENycgkgC1IPEwsE%3D&xkcb=SoBg67M3E7y8tTRNCZ0LbzkdCdPP&fccid=9d98ff7e78f1e09d&cmp=Associated-Mortgage-Brokers&ti=Social+Media+Coordinator&vjs=3
Social Media Apprentice,"Houston Astros, LLC","Houston Astros, LLCHouston, TX 77002 (Downtown area)",Not listed,Not listed,Not listed,https://www.indeed.com/rc/clk?jk=aaa1eec41ac1230e&bb=dEP6YqtiHuzSBbMT3JHag0YVJg9n4IKj61b8L5bfpd0NuMjqb6zzlNXrPr1q-tQeobzmaeuX1tCnXvjUvKidterRRjmpTXxi3mujBiWCgoQ%3D&xkcb=SoDU67M3E7y8tTRNCZ0KbzkdCdPP&fccid=65aaa52f5757e1b4&vjs=3
Board Operator,Marathon Petroleum Company LP,"Marathon Petroleum Company LPCarthage, TX 75633",Not listed,Full-time,Not listed,https://www.indeed.com/rc/clk?jk=4ec19f006ef1391f&bb=dEP6YqtiHuzSBbMT3JHagylo-1WaDiviKpUCQJ1mqzPFqZizPBy5PjHgcs8qhx-gldyLB1CyBeI4g4TRzutQI2pAZkpHQgVx851MCpGAL_k%3D&xkcb=SoBJ67M3E7y8tTRNCZ0JbzkdCdPP&fccid=c2420cdb8142e98a&vjs=3
Social Media Manager,Vicarious,"VicariousSeattle, WA",Not listed,Freelance,Not listed,https://www.indeed.com/rc/clk?jk=e99001b25f727c63&bb=dEP6YqtiHuzSBbMT3JHagzHEvZ_onrSCS0CEpWBptBzJV1cdHeBlG7jGRrgi59h7cxWMGVTac_OKI-OXkyGnRXaTdK-Voukm_Z6aEZSPizI%3D&xkcb=SoD967M3E7y8tTRNCZ0IbzkdCdPP&fccid=df9fefa1627b6c86&vjs=3
Social Media Specialist,WinSummit,"WinSummitNew York, NY",Not listed,Not listed,Not listed,https://www.indeed.com/rc/clk?jk=bf786bb51cdaeffb&bb=dEP6YqtiHuzSBbMT3JHag2Z6O1BkGi7JTEn7dcqaPE4hEDlJVN32aSqDUcypJAi_AaQ7E0TID4ZVuraFM3cNGJKDvha7L7X9a336oYD64fw%3D&xkcb=SoBz67M3E7y8tTRNCZ0PbzkdCdPP&fccid=1e2bba9baf726812&vjs=3
Media Operations Coordinator,TikTok,"TikTokLos Angeles, CA",Not listed,"$67,724 - $97,111 a year",Not listed,https://www.indeed.com/rc/clk?jk=cc3769e66b4a4100&bb=dEP6YqtiHuzSBbMT3JHag2HZJGx13H44cTmfPAYBTAFuZ4EyYikIijmcW7AqdkM820qKGhF2_GlDkL8uf5wAndZbyJkJGNV3TO85o5sV3hY%3D&xkcb=SoDH67M3E7y8tTRNCZ0ObzkdCdPP&fccid=caed318a9335aac0&vjs=3
Social Media and Content Manager,Paint 'N Pour,"Paint 'N PourNew York, NY 10002 (Lower East Side area)Bowery",Not listed,"$55,000 - $75,000 a year",Not listed,https://www.indeed.com/pagead/clk?mo=r&ad=-6NYlbfkN0BI-fsJebi7s3RYmhdf-gQVK4-R6vb6rP_qTVPbOj4lqYZdoseSoZfgxTXNmYtuOPdy-0BbMhK-y7mAQQ2aTwXqycD13do-XkLjC6uI5fv7seToqL9QQcnl1-eNv2Xp1YPArOmZM9y6NrvFw0rj3AQb4IixBONbqTmJS6k-nJRpSlLHWy41mqpPsbbf8X7g31Kd7kc0EA1JHFQK-At6BuRFOveLIkvNEI18gJJ83DxE6wy0RoIQ49FYf0lQH_XTzvFkPBeHZu58U_A6K4SJpUKWWGYIswZ8LDf8agjI5HbRZHmBf8B2437TFIc_tLTwCZLV38nnX9klsne82aU0X8hruecLDvXqGijrBk5F1dZ3oPeJKGhFhoOK7kXtPf_y2g8yhMqYtpivrm4W9iKFhV_ZUQwq0jrkvBr1MLcntKldV9VO3Mm7fa7F3C5lUCcFqzHxbzXpPqfU37qo344MoWwDUbxIRvabN46wTVwXqzvGS3atRYSttSgb0IuvbPNxCi2uxF8DjTUntFDtUqnK3abl9GQK9Wr6-Ggeg7OLXKbUZAaBgkn4WTmnsvGNmL1cykUyQ27zsKdQwFw-YSO1THWWADgzNMleFHFQLAz8JuYa7W7olxQjQJ02&xkcb=SoCu6_M3E7y8tTRNCZ0NbzkdCdPP&camk=4HOcmqOLYrAZ40hvm0QZjg==&p=6&fvj=1&vjs=3
Senior Account Manager (Digital Media),Hybrid,"HybridPhiladelphia, PA 19103 (Rittenhouse area)Suburban Station",Not listed,Full-time,Not listed,https://www.indeed.com/pagead/clk?mo=r&ad=-6NYlbfkN0CGkPfho3FH5Mvw09U8BMLP-ydSD8skpbwhLvdpoKO8jA2SKGFCLWjaUAiEfhj_hU5U4O_vHyi2vmCmqICsnhFNqQUwaRiqwHkd_n9BtqetLEVIj8lWS0KjqKquAPJ6Xg0TgNxEpEgGta_lBQKGnFGlLdWhUwlWn-vR5fhAKOrlbGZdj-k3-o_9Xj25revFCsWvUouzOEa0Qzstj2dQz6M3LCG7o2ZRvwDtW_rqcF43cUXx2XgE9bzYXdxOjBN5As6Ixo8bI2b0DtDzKBjtG1FN9aGxPAS-Bkk6kJRdmQWg8Q-WI5HGMx-axt8qoMgk79rmOoF6CYtAtG-LwLY9NCz1w761v7JiEEfAhIToa4-xz6HPpFAnYf_RjXE-bM7Gyx7LbbfMh9cHpeZIPKmbqtaUwt2tmYq_uexM0UrEtKqbK2unDkYDGy53NukygFpVvyNV0qLD74uy1aetnUpMrmukmqAekvMnRJwPXpsvZ7BJPoYrHHsdJ8pPjXg2CewShjezWMUW89CB5bnUUCeZCXWvPef3DxfiOFBv1X9sofHmSvQl24qvOUF7UGW0v6iynMkwung2kIGtjDSiVvtnTKxD4Nz7mwZMGchSI_l4-N9AAhw__w4CuCdyV0b8oXPFOcA=&xkcb=SoAa6_M3E7y8tTRNCZ0MbzkdCdPP&camk=4HOcmqOLYrBTQ10giJGURw==&p=7&fvj=1&vjs=3
Wi-Fi Developer (Media Access Control),rachelg@tpstalent.com,"rachelg@tpstalent.comSanta Clara, CA",Not listed,"$150,000 - $180,000 a year",Not listed,https://www.indeed.com/pagead/clk?mo=r&ad=-6NYlbfkN0Dz--WBOoJe_2oD2hp1y0Zl-hwW1_8Ksdt7hX9YbkPSl0Pmg1NBStNaEbzKDzU7awVaktb_iqW5eseETi8Zs9cwhZoTJS9UpbW3gv3jElY2Tk3nEi2GTkQiwzulLvjb_RoESOrB1LoTs7lXQhn62K7ov2s5OvD8QQNlo9EF8FIbmgwOz6St8z2Mv7kU7dMsX7MlWYlxJmFnFSUv65Jp9OHvnldKhKV291ZzdGt73B2KXfZ0qFqF-VvC7HWiM54qP0ZqNn47G2-pkGSZNKaAUIHJ1aNZOc3_zpFr2ZuUDtsQ4Nnu7zyod-pl7rXxxPKJhJHYWI0Q3sBjJa0nUhfvujhYTkEZcEVH0_JvtQmRGJ_xVqjRvRLoJbX1OYSSLprqSLDXn_VlEaVGuhv0wA0RmvX61m5I9fFwUp_9gacrOUazum5T0FW4r4D9JRytvFYWsuwKt879rOTS4gLFiVsiB_2yOOvvHwGawt2u491IZQxbK8pQICjiky9Nm2NtGk5iUig6yZy4v3ib0oZosgaMrNEdAI3K8EQynQ32Hz6Ro2n77cvDQSpUWg0PxonrhpLwbhn6y7RP1ST3vCQqW3WMFujfhYV__V9l3yAjIKY6l5IRz9Ukmy1W5aem9eSNLkjoFNM=&xkcb=SoDz6_M3E7y8tTRNCZ0DbzkdCdPP&camk=4HOcmqOLYrBjiQKq3m65Mg==&p=8&fvj=1&vjs=3
Jr. Paid Media Strategist,Today's Business LLC,Today's Business LLCRemote,Not listed,Not listed,Not listed,https://www.indeed.com/rc/clk?jk=4e9a39401f4fbfdd&bb=dEP6YqtiHuzSBbMT3JHag_FIociMhoEGy1nbz6oyI9Zsp12dsTSNUBIfdzkgpzpSDn9dHr9xcJjfygZV04Hr-qOHwxxMOw5qejwsIqcK6_k%3D&xkcb=SoCz67M3E7y8tTRNCZ0CbzkdCdPP&fccid=90647c435d22e8c8&vjs=3
MEDIA ASSISTANT,Brevard Public Schools,"Brevard Public SchoolsTitusville, FL 32796",Not listed,$16.40 an hour,Not listed,https://www.indeed.com/rc/clk?jk=b43bab51694e2b30&bb=dEP6YqtiHuzSBbMT3JHag5eaOTpNiOg14m5JQUWRcvR3MPkfdAIKTYNDDhHZmkviWkQHnDmM9JLACsNIUC7JvQ8huJ2KRdjRbCMDCpYnA18%3D&xkcb=SoAu67M3E7y8tTRNCZ0BbzkdCdPP&fccid=529e305cd8198922&vjs=3
"Specialist, Shoppable Media",Ampush,AmpushRemote,Not listed,"$60,000 - $75,000 a year",Not listed,https://www.indeed.com/rc/clk?jk=a3a4d9f5d47167e7&bb=dEP6YqtiHuzSBbMT3JHag7BJzDKEpK9Aq_BUiSwEFSjLKS9lIM8wZekegAa5Nef5c3oDoWR8bfswi-uFAdsHNM9g_dKjfm86t0AJiGXJ044%3D&xkcb=SoCa67M3E7y8tTRNCZ0AbzkdCdPP&fccid=85a30f5d38bbedbe&vjs=3
"Assistant, Global Paid Media & Analytics",Lionsgate,"LionsgateSanta Monica, CA 90404",Not listed,"$43,000 - $45,000 a year",Not listed,https://www.indeed.com/rc/clk?jk=df6b22fe2c5d6f1a&bb=dEP6YqtiHuzSBbMT3JHag2RZHO2GSYLET6k4bLKb0wrJ_HrBBj-IQRAZ-0X5YdCj81_-Qp_fetuAR-BFV4umdSwW67Xao4Nai9QAnyZJd4s%3D&xkcb=SoAU67M3E7y8tTRNCZ0HbzkdCdPP&fccid=f0d2e8df1e620706&vjs=3
Managing Editor,DueSouth Publishing,"DueSouth PublishingHybrid remote in Cashiers, NC 28717",Not listed,$40 - $50 an hour,Not listed,https://www.indeed.com/pagead/clk?mo=r&ad=-6NYlbfkN0DWHtRAQ6zGRlaYAfR2IimflOzjzT-b2AeZPManXGv7T-cUbDn7g25ScUAB8NzBLmcf_9MZvBOasWo9t_TL9w7iINP_c25w2YzAvUqqfjagaaQeATbhlUkY6HU-PvmZBSuucld6md6qnlm9DuwrGIXmbQ8D5GPJBzqfivEKhWWI8_MKHAuZlroFa3hqBmGbV5e0sRek2R55Sntz72d1jyacDYgMyqbZRENbabrLFoo8ZIQA4pZ6jZnYpiWltv_p9Gz_0jukfWAzpoWdDvWQ4sznuJ5RAonQ8Y56LxcNpTYvCb3oTzqLB88XVoJwx9uzFrWoqy1STX8QVyvARbLqaUyh0fYTlGyNTLYZC6jpRiEvr_UjFi0s15yYsW8rnjNKK4YQdIAX1CawOC_nTxU9IWo4eiktRsNO4OasdvIkgTo67FTuf0IQmK8WMbhn3n7m_ztFVfGdsS3pQ5f7t0OyEuK_Ig87uYKWAOJgl6mAQPA9pW-FNGZJOfoSMwT9ela7fF3ZcRw4EV3c2uzbzAlOxIQvOZiE9y1lfbpsa3XTAJY0kwlZTZLrXUev0maydxlTj0RyIeiKdGpJZqHJZduai_2OHUtLGQ-9PDk=&xkcb=SoBU6_M3E7y8tTRNCZ0GbzkdCdPP&camk=4HOcmqOLYrCh1EtuNZcAXw==&p=13&fvj=1&vjs=3
Social Media Assistant,Moonlight Makers Marketing,"Moonlight Makers MarketingWashington, DC",Not listed,Not listed,Not listed,https://www.indeed.com/rc/clk?jk=201b40850caa0a5e&bb=dEP6YqtiHuzSBbMT3JHag3sNikwfn_XV8s-9FyDNXw41bsb2rQZLGmEX5HHLZKjG68ue8jTmPYzGs3GwFhM4IzInyUIuddB8T1N69Gl8YhY%3D&xkcb=SoA967M3E7y8tTRNCZ0FbzkdCdPP&fccid=71a6182c4ce0fb2f&vjs=3
PAID MEDIA SPECIALIST,Digital Marketing Recruiters,"Digital Marketing RecruitersManalapan, NJ 07726",Not listed,"$70,000 - $85,000 a year",Not listed,https://www.indeed.com/rc/clk?jk=b80979f7c26621a6&bb=tzmbmMi3UwZzVLlGD29ejQpkyTMcPSGu1OkKj1fSvmYLWJ-Ol3asHXvGbC7h4R-jX418J6VU_M31wR0jjTm1to9l2OvOHttT1v-gp-Claw_9FAG08lWHBA%3D%3D&xkcb=SoAw67M3E7y8StQu950EbzkdCdPP&fccid=78ad02d3bbf0c392&cmp=Titan-Radd&ti=Paid+Search+Manager&vjs=3
Experienced Publicist - with solid social media experience - part-time and remote,Real World Leaders,Real World LeadersRemote,Not listed,$25 an hour,Not listed,https://www.indeed.com/pagead/clk?mo=r&ad=-6NYlbfkN0DdYiBw3ptIUsJOe33f_RxFA0rc9JqMI-8uglH2gqIEigbGbgCjJHjxiOo_NFPq6l0cIE6kphKbH1whvIewuQ3ASymHwauJuM5Wq8UbOf2mYr60wkDZSCBoDd-KRq_8Siq2zDCstfMYtF382tUd8wrtm3-20TXtrp7FHqNhOmzuWzITjMPIY-ozmpG4gg2kj60why5JJr9HdYGK0INn2LZFS3wDHTcO8BiR8om5jehhC6F7kLPkNdqS4gPIyF1R-8BQXh60sOzuWllYX2j6TpIdrNIkJj0bv8f6WRL_eT8EWQeda7WPXam1AiMOTTm28-vyvstU3MSvamdGQwRDyjuIp-Jvm8jZkDgM8OU3_V9zaSW2YDtkvQGYmTjQ6JCQRbGoHnsiLtvBsTECkHDEK3LFSkxzf8Zqr2gs_VT6olKjKl1Iv5m6cOfC6Jky_XQhEaaPWDGs_pNtecUCBXKT0HxIiqTvFjvazpC0iJC9XYz2gQjdqsezvV4kd4RNNLO7V99cjSguNJCMToxuUZmsP-1LuAjmlyx-sShFNSV6BuZCQkLpIOwZFu2rmCOlXaU42xA42-YBBtiQETHkwpcSXsjGxf1l4fXkUPiUXPaFHFJ2Wer4_fyqomHvUHZhcKDencnLFSEDrhXi-hjlLM97V-QEAUjg28mcijvsw3suQYUctA==&xkcb=SoDj6_M3E7y8StQu950bbzkdCdPP&camk=4HOcmqOLYrAXJEHbWRYMYA==&p=1&fvj=1&vjs=3
Social Media Jr. Specialist - Tik Tok,Alcora Corporation,"Alcora CorporationDoral, FL 33172",Not listed,Monday to Friday +1,Not listed,https://www.indeed.com/rc/clk?jk=32236707d62978f8&bb=tzmbmMi3UwZzVLlGD29ejWH4bayNwOxMhA_HTELrecCinswTPDCPtT-RL5-w2ngrm9doNSD8M_G4bUzVcugl31msp45GvhcyI8O_2t9CUvo%3D&xkcb=SoCj67M3E7y8StQu950abzkdCdPP&fccid=1391938b259eb009&vjs=3
Social Media Specialist,Midway Attractions,"Midway AttractionsOrlando, FL 32819 (Florida Center area)",Not listed,Not listed,Not listed,https://www.indeed.com/rc/clk?jk=fea0290a338f3339&bb=tzmbmMi3UwZzVLlGD29ejf9LT3K158Dki6qZq11JXvuutsQukoSrRQCcOEwAhjM2ezbMiGb53mmu45U-apLxfVUK-vaySxEyOtDoLyPQQ5o%3D&xkcb=SoA-67M3E7y8StQu950ZbzkdCdPP&fccid=34b628f4ea1662ec&vjs=3
"Part Time- Student, CSR, Graphic Design/ Social Media",BoxUp.com,BoxUp.comRemote,Not listed,$10 an hour,Not listed,https://www.indeed.com/rc/clk?jk=074d938258a6de3a&bb=tzmbmMi3UwZzVLlGD29ejV3xb42-6nz5HlolB2u9VKeOymR-R0rbzY9IOqA_d9g7gstqf8XedIho1vgoDdAOqAOT5aW8Ry0WbXNZEUHTyRo%3D&xkcb=SoCK67M3E7y8StQu950YbzkdCdPP&fccid=0b46bc1f3c33a388&cmp=BoxUp.com&ti=Social+Media+Specialist&vjs=3
Social Media Assistant,Elevation Academy,"Elevation AcademyChicago, IL 60605",Not listed,Not listed,Not listed,https://www.indeed.com/rc/clk?jk=78afab4332270c8b&bb=tzmbmMi3UwZzVLlGD29ejXz2Tg34oza72l_6YqTa-sAmoRKc3ji8bBirXbJ9XXkvHHBaf_V2G_yQSQDxvmN_VHtlwXNuYOvnSPDM_H27xl8%3D&xkcb=SoAE67M3E7y8StQu950fbzkdCdPP&fccid=d795930ab8e86908&vjs=3
Social Media Coordinator,"No Place Like Homans, L.L.C.","No Place Like Homans, L.L.C.Saint Petersburg, FL 33701 (Downtown area)",Not listed,Not listed,Not listed,https://www.indeed.com/rc/clk?jk=9cb25e26f181a58a&bb=tzmbmMi3UwZzVLlGD29ejY5aDrv3diCHDkdflUd-3nCReslVSX_U14ZkqmA4QfvBOhQlO_GaFtvGcU8TvXkBLsAnfUVAPti-F7rC3yv1gVI%3D&xkcb=SoCw67M3E7y8StQu950ebzkdCdPP&fccid=78d63515487c358c&cmp=No-Place-Like-Homans%2C-L.L.C.&ti=Social+Media+Coordinator&vjs=3
Social Media Assistant,Dezign Comm,"Dezign CommAtlanta, GA",Not listed,Not listed,Not listed,https://www.indeed.com/rc/clk?jk=15b46d7306553c24&bb=tzmbmMi3UwZzVLlGD29ejR3SdOdeFXbslU2GSEsKcYhJ-bNz5osApKENR-Br2yU8X9ZUmvnkHtUYcvPbHAhnXYm1htZNz6u3hwfjyf48fH4%3D&xkcb=SoAt67M3E7y8StQu950dbzkdCdPP&fccid=18f358139a1e41bf&vjs=3
Social Media Specialist (Tik Tok),Pro College Consulting,"Pro College ConsultingHybrid remote in Deerfield Beach, FL 33442",Not listed,Not listed,Not listed,https://www.indeed.com/rc/clk?jk=e7b38f285d11f148&bb=tzmbmMi3UwZzVLlGD29ejTC6ASr0_LUxiQr8EXtc_c4HIAFNPHB8wigUqEsTSQalHyGGLXJCsN3uRUXd3-3jXaFGt4VHiM7nr6PnHacMzHs%3D&xkcb=SoCZ67M3E7y8StQu950cbzkdCdPP&fccid=cad895719d702683&cmp=Pro-College-Consulting&ti=Social+Media+Specialist&vjs=3
Social Media & Marketing Summer Trainee,Capitol Broadcasting Company,"Capitol Broadcasting CompanyGreenville, NC 27834",Not listed,$10 an hour,Not listed,https://www.indeed.com/rc/clk?jk=f7c53d97d8c8ae42&bb=tzmbmMi3UwZzVLlGD29ejaXi7g5wuUTxstvah7anxtfFaFcXXWz0rJNYjY_T-INmkzZAJ3rKfX3OVnUvnMwugoOaETZMYx4sHDoO7fTBvjg%3D&xkcb=SoBw67M3E7y8StQu950TbzkdCdPP&fccid=037cc0d581b388cf&vjs=3
Marketing Communications Graphic Designer,FC Realty Group @ Keller Williams Realty,"FC Realty Group @ Keller Williams RealtyHybrid remote in Saint George, UT 84770",Not listed,"$50,000 a year",Not listed,https://www.indeed.com/pagead/clk?mo=r&ad=-6NYlbfkN0Cxg8f_gjZmrC8UbBdJ3zVDzMKeDC2iGaxftlT_Ne4e6QR7KA08L5vWWAYcCtoT52OvKZ8ygwcva1evgT1I3cujWB5WlAe1-GBR_Sglf5_viIqbmCibT8xbHObZgAU7Ky2Tv_xP4Qb_bqUS6EdULhqJgGELeraTRI_UgOiVgejZymXXHeGrXw7A9gr-0yoB6-bExQByqg3c0DgcGyUUjXt26U9_Qfy2LzcSv0KhGz74r8yGS2t5Z7SL72sU1TAG-1EygNUIv1nZloTHf4bUDf7qI3opAiJND7XxoK4mylD7R80jCfzR7105Uc3F9mb7cH9qv-HBjAavB2qVKuYmw7VL_lGKwpPruTcpG05RFasyvP0EJLE1RDLLwTeTd3kN7gVVmTeyXc2Ac5kdmoOYeMM-D6qPS9IdD0Np6l15kGZXuhDWbVXk8cWv5e5Qz5BYuqDUhpt3hPCaY38GCL5LVK5Jm378jfUvqK0PYtVfEJ-58_xzdmX5cMhRSvGtyg42onpIGb2nTm6HW-B95yI4ZDOHmkoy5GdHphxHlUGey_ufZpZPdBJKxtzIa4QAhkyWlk_RTwN3n4HFv3Y1Is4bYE_Q82lBqXMnI4mKUt_91U7FgV73D4x0A8ks0b5DXzrVTcCmHH7v_I5PpA==&xkcb=SoAw6_M3E7y8StQu950SbzkdCdPP&camk=4HOcmqOLYrC5Tlp44e0nQQ==&p=10&fvj=1&vjs=3
Media Producer,Solid Waste Authority of Palm Beach County,"Solid Waste Authority of Palm Beach CountyWest Palm Beach, FL 33412",Not listed,"$54,163.20 - $94,785.60 a year",Not listed,https://www.indeed.com/rc/clk?jk=0825619331ed653d&bb=tzmbmMi3UwZzVLlGD29ejbueUbkxVqtgSOJjrsvgLXGQ4MOL8twPf6W1wYoeaR7-s2iAU-mkRq6FVajKQIs_7x6RSl7kebVvrGALPUHm06o%3D&xkcb=SoBZ67M3E7y8StQu950RbzkdCdPP&fccid=f629caf4f207430e&vjs=3
Social Media Specialist,LEGOLAND Parks,"LEGOLAND ParksWinter Haven, FL 33884",Not listed,Not listed,Not listed,https://www.indeed.com/rc/clk?jk=bb30defacecc53aa&bb=tzmbmMi3UwZzVLlGD29ejbSLuoRO44ZB3pkmwuQkl10rXAcucCs8JSew3UfY2e9DhVUidv2BxCUp70-xnCAPeh9uXpatiFKalMRIxyFrPVo%3D&xkcb=SoDt67M3E7y8StQu950QbzkdCdPP&fccid=173be1950ea67e0f&vjs=3
Social Media Coordinator,Overtime,"OvertimeNew York, NY",Not listed,Not listed,Not listed,https://www.indeed.com/rc/clk?jk=07bc817e82b49deb&bb=tzmbmMi3UwZzVLlGD29ejXmK5T3lW2PsJfwO_p7Jqu2svEgciGP_EdLUujLu727oia1D14YXh3AzDhbhmGpI_qVCjhRSvc3Bip8gcm3p7yU%3D&xkcb=SoBj67M3E7y8StQu950XbzkdCdPP&fccid=477f35e52c119a3e&vjs=3
Part-Time Student Social Media Content Creator-Summer,Indiana University,"Indiana UniversityBloomington, IN",Not listed,$13 an hour,Not listed,https://www.indeed.com/rc/clk?jk=8dcf0e815aeea9a6&bb=tzmbmMi3UwZzVLlGD29ejfpNZvcZ2XfoUW3VXBGpVgYFcmN0Goxmq9IeqEokDPx8uFdl3g1QVhFOG5yfeuTexOwHdkdZmCNZSOU7nBsheDA%3D&xkcb=SoDX67M3E7y8StQu950WbzkdCdPP&fccid=8b8af8e5cb513470&vjs=3
Social Media Specialist,Redfin,"RedfinSeattle, WA",Not listed,Full-time,Not listed,https://www.indeed.com/rc/clk?jk=4227bef49d5f1602&bb=bK_kxPnHLGNdN6yyP_TVGdysjUx44zNE9ZtYh-TlQ-Vki5Vs4dvITaJ4duBcS0X5TwyFsk1l0sKxeqigdSSRM2OGD5yRzhjfQLTLd1H225Q%3D&xkcb=SoDT67M3E7y8a8S2CJ0LbzkdCdPP&fccid=ccaacd9cca9fffe8&vjs=3
Video Editor/Social Media Content Creator,Bayer Creative Imaging,"Bayer Creative ImagingNeenah, WI",Not listed,Not listed,Not listed,https://www.indeed.com/rc/clk?jk=26bb72e5c27e5c86&bb=bK_kxPnHLGNdN6yyP_TVGTBW1hOgrvAW7JUSvsI8GVOu9qdNth6PEKKebsYqlem3pwS8qx0FdwxERsWBGn60rlk9gRl7MfxJEAKCJzI9KBc%3D&xkcb=SoBn67M3E7y8a8S2CJ0KbzkdCdPP&fccid=b05aef7673542718&cmp=Bayer-Creative-Imaging&ti=Content+Writer&vjs=3
Social Media Manager,Genesys,GenesysCalifornia,Not listed,Full-time,Not listed,https://www.indeed.com/rc/clk?jk=b65811e4388036fc&bb=bK_kxPnHLGNdN6yyP_TVGSN2K0lge93SBdpWOilQ0xhwpwDfK8ZlYzjqGbI2gEZvcsieDCSmIfCVDK9_n3rOFh1SbXhCpKA2OZYAZwgPoBk%3D&xkcb=SoD667M3E7y8a8S2CJ0JbzkdCdPP&fccid=78ba8c9950e5297a&vjs=3
Paid Media Specialist,"Amerilife Group, LLC","Amerilife Group, LLCRemote",Not listed,Full-time,Not listed,https://www.indeed.com/rc/clk?jk=d1cfda4c128e846a&bb=bK_kxPnHLGNdN6yyP_TVGcCodwSPkdSoO1qrtCSE8LojH1rD6q1g_uyg6nAQjddumo_CkNRk56vj8YZwLqErTjVO9js5DfzMQMpE6uAfrDo%3D&xkcb=SoBO67M3E7y8a8S2CJ0IbzkdCdPP&fccid=0b9cf82749ecf6ec&cmp=AmeriLife&ti=Paid+Search+Manager&vjs=3
Social Media Manager,Insight Creative Business Solutions,"Insight Creative Business SolutionsBelgrade, MT 59714",Not listed,Not listed,Not listed,https://www.indeed.com/rc/clk?jk=61e45f0d6a4589d1&bb=bK_kxPnHLGNdN6yyP_TVGagT-8KSDxKHdSXSPs_qufhkUmt5VdCVzyx_LoAB11FXYJFFykDEPQuoMoB8RWXhiH4Cc2hHw199BsUecHPlCCc%3D&xkcb=SoDA67M3E7y8a8S2CJ0PbzkdCdPP&fccid=e8f8ef8cd9ad2a36&cmp=Insight-Creative-Business-Solutions&ti=Social+Media+Manager&vjs=3
Social Media Content Coordinator,Tennessee Kids Belong,"Tennessee Kids BelongHybrid remote in Knoxville, TN",Not listed,$20 - $25 an hour,Not listed,https://www.indeed.com/rc/clk?jk=419b17be3aca8d4a&bb=bK_kxPnHLGNdN6yyP_TVGYVH-YftY3Xg1ipaUusCBpdN36_S7bGEerFCnnTW7hF_foDV4qC0ivgA1K5CtfPPWZxvjd5Cocc3uI6YPJUAtdI%3D&xkcb=SoB067M3E7y8a8S2CJ0ObzkdCdPP&fccid=68b278e2b3280d4b&cmp=Tennessee-Kids-Belong&ti=Social+Media+Coordinator&vjs=3
Social Media Manager,Warner Bros. Discovery,"Warner Bros. DiscoveryAtlanta, GA 30318 (Home Park area)",Not listed,Not listed,Not listed,https://www.indeed.com/rc/clk?jk=58ae752c0b852281&bb=bK_kxPnHLGNdN6yyP_TVGfAzZfeqXgRJgLcwtwiUpG6MuYIAzpUNwgfBVO9j_IN5nbbKm70nLA3eNn5Y3QTm1DjxAOPRPGQq86y1XoOin04%3D&xkcb=SoDp67M3E7y8a8S2CJ0NbzkdCdPP&fccid=fdb210f6a49b1c13&vjs=3
Social Media Assistant,Versa Marketing,"Versa MarketingOrlando, FL",Not listed,Not listed,Not listed,https://www.indeed.com/rc/clk?jk=e88ae843c0db9df0&bb=bK_kxPnHLGNdN6yyP_TVGRC5z-0ic1PMOuY6pxxfRsFub-NeextwFna-CRfR8lxwfLe5GRC2LxO8PRfOYbZOGQGeSKNbNPEzBHApcvvf3w8%3D&xkcb=SoBd67M3E7y8a8S2CJ0MbzkdCdPP&fccid=c03c557473740af6&vjs=3
Social Media Marketer,RF Restaurant,"RF RestaurantGarden Grove, CA 92841",Not listed,From $20 an hour,Not listed,https://www.indeed.com/rc/clk?jk=3d9ade05ec2ff8f3&bb=bK_kxPnHLGNdN6yyP_TVGZZqt0jSQ-E-NJIegkYBGS4xsvdbJDcwI_1aGQlhE86LUMi5RHuNkLFiZtiIRGf4x-GmU4qEFT81J2dKfkgB6fc%3D&xkcb=SoC067M3E7y8a8S2CJ0DbzkdCdPP&fccid=71f0a75e9c154b79&cmp=RF-Restaurant&ti=Social+Media+Specialist&vjs=3
Social Media Manager/Administrative Assistant,Electronic Interiors,"Electronic InteriorsDallas, TX 75207 (Design District area)",Not listed,$15 - $17 an hour,Not listed,https://www.indeed.com/pagead/clk?mo=r&ad=-6NYlbfkN0DHYvnyJjYjXfdoLoD8RAOL086y_5qyIex86lzclu9n-kbhJp6AJSxi1GO4xTO1yzFuLY5EqxRYntxzaetPbA3rJ3QxC5-YnaEoPBdA-3wsAu6MOlnR-RwIT24nR5_6QERSGjR1G6r7kJv-Y1vaKvfu0raNFa_nRXp2Oir2kfQvUnXNrBYwaLCqlczYUB8hsgzPtA6QXAk_CLMqxNQDvgxmHsKs0tMCU0RhqbkdJYlYx1Jbbx4kXW845_RzJVUKZ3hJgXrZ2T1hX5byeMcqZnWbvv_TWk4EdRXKoSRGfOjoJxDf7SikVJW-wJf0ASV6uMMxqJMMB-E_R4faGVBkOAovS8BUgrQ26WkgeGm0y_LEweaH7a_Gvq5fH0Z_G4IPdIBqTqiJUOMtXjZhf_SPFLLjPZs9R4GD6jSuGgd-dsehPYi6IOWrmouksqccjmEfzvwC7M9ury1o7ULfhTt0EH23QNYKw-gO4VF-k8nSQghvwJn_0D5QAZI-WQ_RyhiEZgAK2F53y4cPXuloGm7WpM1K56pGFJXOZJjP3ucwbZfLOdcNjceXZxLy3VccCRQ07IMpf3D5Tw57vYcwVI13l5Ry1RfdWucJ9Um3yGI6F1UjY9XKIsJ_J83CGqynpKTCJJPJtdaD-bR8e8zbSNWb8EHJ&xkcb=SoD06_M3E7y8a8S2CJ0CbzkdCdPP&camk=4HOcmqOLYrBD9XYGY3axnQ==&p=9&fvj=1&vjs=3
Sports Videographer and Editor for Social Media Content,Mystic Pointe Sports,"Mystic Pointe SportsAventura, FL 33180",Not listed,Not listed,Not listed,https://www.indeed.com/rc/clk?jk=3657ea3b374c1c57&bb=bK_kxPnHLGNdN6yyP_TVGcJTwPk9pffnfaUbfVPi7sAfI-D7RNiWzuqNfT94vVCGDrC3WTfrzgSVwjiiGPIrNVKqGk1dwOz5vf0SRofINOI%3D&xkcb=SoCd67M3E7y8a8S2CJ0BbzkdCdPP&fccid=81f64355e0b91356&cmp=Mystic-Pointe-Sports&ti=Videographer%2Feditor&vjs=3
Content Writer,Steyer,SteyerRemote,Not listed,$35 - $42 an hour,Not listed,https://www.indeed.com/rc/clk?jk=47a32044f05e2bbf&bb=bK_kxPnHLGNdN6yyP_TVGVU1mnnsyUeg_krcs-4_1lQ6kpEvTuqWGcONfvZt0adFI6IHNs5V5Xr8m1RJ9-Ygfmmj8uZBHe_tXaORhJhauOg%3D&xkcb=SoAp67M3E7y8a8S2CJ0AbzkdCdPP&fccid=ac5b54c450d29b96&vjs=3
Social Media Ecosystem Manager,Hill's Pet Nutrition,"Hill's Pet NutritionHybrid remote in Overland Park, KS",Not listed,"$91,200 - $128,000 a year",Not listed,https://www.indeed.com/rc/clk?jk=06ebe0059666500c&bb=bK_kxPnHLGNdN6yyP_TVGSMYQqDPm8Z5fT_mrL1dE7ilO84_aU-aVqao7wcdcEkOr5YfFY_IaqBAQXVg8LRlk_7yqQQfDCrUmKLN8Ek-Dh4%3D&xkcb=SoCn67M3E7y8a8S2CJ0HbzkdCdPP&fccid=8ffd82d10d56fd60&vjs=3
Social Media Sales & Marketing,TheCoolestGiveaways,TheCoolestGiveawaysRemote,Not listed,Not listed,Not listed,https://www.indeed.com/rc/clk?jk=57ee2e569f6f6836&bb=bK_kxPnHLGNdN6yyP_TVGfAzZfeqXgRJUK8qtlBLpmJAgXOIoV2Gj12izudGPWH9rw6k_BMcQpOgYikyTYR5adSapDjl5Yb0ZvKjyBR506Y%3D&xkcb=SoAT67M3E7y8a8S2CJ0GbzkdCdPP&fccid=79417aede78da455&cmp=TheCoolestGiveaways&ti=Social+Media+Specialist&vjs=3
Social Media Coordinator Internship,Seva Integrated Therapy,Seva Integrated TherapyColorado,Not listed,$19 - $20 an hour,Not listed,https://www.indeed.com/rc/clk?jk=dc9ed7d6a088dd6e&bb=bK_kxPnHLGNdN6yyP_TVGarYL8JqZgWrjYeGltKPNBgpawuxNYdiGjpq-8QzQzi-_R0Kxa-XImqbXr6lvYRdSHOcVQBsZT0Iy16SzpZrdkg%3D&xkcb=SoCO67M3E7y8a8S2CJ0FbzkdCdPP&fccid=f47fe8ade8700858&cmp=L--EVATION-Promotions&ti=Social+Media+Coordinator&vjs=3
Paid Media Specialist,Hyperice,"HypericeHybrid remote in Irvine, CA 92618",Not listed,"$70,000 - $80,000 a year",Not listed,https://www.indeed.com/rc/clk?jk=490ade5c69ca1d3e&bb=Bx33aS1K6pBID8u1ZmHGd_Qfx8eWL09I1rE5MQG-UU9xRDyH70kscH0srjNf4E9crt8uWUt9xxrOPyuGMaWnJRGB25uDQulmnyyI6YM1_CApW6R4R_RZgA%3D%3D&xkcb=SoDX67M3E7y8FbQ3750LbzkdCdPP&fccid=8e9ef7b576c641cb&cmp=Hyperice&ti=Paid+Search+Manager&vjs=3
Social Media Specialist,Center For Energy and Environment,"Center For Energy and EnvironmentMinneapolis, MN 55401 (North Loop area)Target Fld Station & Rail Platform",Not listed,$26.90 - $28.35 an hour,Not listed,https://www.indeed.com/rc/clk?jk=73018fe497e790d4&bb=Bx33aS1K6pBID8u1ZmHGd7u8R65Cm3500H1YyEjfN5cX0FlMeqx5PxH_CcRYMrycWxlGppMfta8KwCtpwoTHby-MJIifakRC5EWQcwZc5LQ%3D&xkcb=SoBj67M3E7y8FbQ3750KbzkdCdPP&fccid=0683f02d906f6432&vjs=3
Social Media Specialist,Simpson Thacher & Bartlett LLP,"Simpson Thacher & Bartlett LLPNew York, NY 10017 (Midtown area)",Not listed,Not listed,Not listed,https://www.indeed.com/rc/clk?jk=5b9e86c40641c9fa&bb=Bx33aS1K6pBID8u1ZmHGdyprApLNGJRyIQru9Q_3yHazwLDE50RDHTY_xaYAI0aWlZcPpj5jHAoGYAs-Ssnof0De-QHei2dO7Ud7jBNHZqs%3D&xkcb=SoD-67M3E7y8FbQ3750JbzkdCdPP&fccid=49efeede38f70572&vjs=3
Social Media Manager,Redxam,"RedxamSan Francisco, CA 94133 (North Beach area)",Not listed,$20 - $35 an hour,Not listed,https://www.indeed.com/rc/clk?jk=b6d8d1c73bc3a748&bb=Bx33aS1K6pBID8u1ZmHGd7MDYb5pEtSxEPs54SYnsIwxaD8jXPtpRAS4k1L4ZA27XxVMh_M425a1hv_3Wr2clYQr5bU3sMWuYHLQtFAfKNY%3D&xkcb=SoBK67M3E7y8FbQ3750IbzkdCdPP&fccid=dd616958bd9ddc12&cmp=Redxam&ti=Social+Media+Manager&vjs=3
Administrative & Social Media Assistant,Hampton Golf,"Hampton GolfSarasota, FL 34240",Not listed,$20 - $25 an hour,Not listed,https://www.indeed.com/rc/clk?jk=3f2c5baf70574d18&bb=Bx33aS1K6pBID8u1ZmHGd59sXWqDvX3sZ30R7ijUQhRIzc31_szQ8nm7QfntQIQDUDc_fVf83sMY-meVHPIjfjn-pUXlngBFp6FB2V4pEIo%3D&xkcb=SoDE67M3E7y8FbQ3750PbzkdCdPP&fccid=76a10ac54b46bdd1&vjs=3
Senior Social Media Specialist,Holiday Inn Club Vacations,"Holiday Inn Club VacationsRemote in Orlando, FL 32819",Not listed,Not listed,Not listed,https://www.indeed.com/rc/clk?jk=3f0087a94d71bb38&bb=Bx33aS1K6pBID8u1ZmHGdwpBE7Wn829on6VH5sdkYxO4RyfFtBJNeUd5yEYCgpv1XGyWkqMm4-8B5BDsJgdQAGCbEItCkLynI8tdfIGOlW8%3D&xkcb=SoBw67M3E7y8FbQ3750ObzkdCdPP&fccid=586ff15a77ff4338&vjs=3
Marketing/Social Media Specialist & Administr,The Legacy Green Bay,"The Legacy Green BayGreen Bay, WI 54304",Not listed,$21 - $22 an hour,Not listed,https://www.indeed.com/rc/clk?jk=6c9aa1d8ec5d0036&bb=Bx33aS1K6pBID8u1ZmHGd52JV0_q9Zq_UYF0mcXrj9Zi4Ro-0IGUw219VrEtewQTgBFLcetLdTjUrQvcQDWh9g6f0qRgEM7C0D2utM2kyxg%3D&xkcb=SoDt67M3E7y8FbQ3750NbzkdCdPP&fccid=7cc2de5b32396d46&vjs=3
Social Media Content Creator,Christopher Kimball's Milk Street,"Christopher Kimball's Milk StreetBoston, MA 02109 (Downtown area)Atlantic Ave & State St Marriott Hotel",Not listed,"$50,000 - $55,000 a year",Not listed,https://www.indeed.com/rc/clk?jk=3f994ddf0b1072ef&bb=Bx33aS1K6pBID8u1ZmHGd2cMwXAD0ipTTbhRTequPhEFRmyqYNXtVBVoqtIWcPuuKvUYmquvmsNRYn4tK2K0R6T0SlBMBjeMJkPIgt8kZ9o%3D&xkcb=SoBZ67M3E7y8FbQ3750MbzkdCdPP&fccid=19bc6bc681e60806&cmp=Christopher-Kimball%2527s-Milk-Street&ti=Content+Writer&vjs=3
Social Media Manager,Rivian,"RivianLos Angeles, CA",Not listed,Not listed,Not listed,https://www.indeed.com/rc/clk?jk=45f62d6cef188618&bb=Bx33aS1K6pBID8u1ZmHGd8IFzeBYGPVApjtzszpH8qiMAjkNK-bVgfb4w0ixe2q48eB4qgqD0QMqdWxMCmrV9nvTWxtG-4goXYAvAH7iFcY%3D&xkcb=SoCw67M3E7y8FbQ3750DbzkdCdPP&fccid=ab392afaee93f976&vjs=3
Social Media Manager,dmd lawn & landscaping,"dmd lawn & landscapingBattle Creek, MI",Not listed,$12 - $17 an hour,Not listed,https://www.indeed.com/rc/clk?jk=8c78268eff94c8d3&bb=Bx33aS1K6pBID8u1ZmHGd_wUKPJ-cB0uYi1ZCfdZ715qhNCEQktdQQCqUBzBe0_8C2PGz4igWn6SYIZ7z7C4pMudTAyCprIp1BCWTvLRoxY%3D&xkcb=SoAE67M3E7y8FbQ3750CbzkdCdPP&fccid=da23be3fd7a19292&cmp=dmd-lawn-%2526-landscaping&ti=Social+Media+Manager&vjs=3
"Producer, Social Media-Newsgathering",Warner Bros. Discovery,"Warner Bros. DiscoveryWashington, DC 20002 (Capitol Hill area)",Not listed,"$59,500 - $110,500 a year",Not listed,https://www.indeed.com/rc/clk?jk=12eeb2a769b946db&bb=Bx33aS1K6pBID8u1ZmHGd8IFzeBYGPVAY5TYm5iH-8YdIe6R_QtB_7iCcCoQJTn4Xb9ebyHjvVO5yeBiQtZOzT0g28X0dEU-zZsJojlA_KY%3D&xkcb=SoCZ67M3E7y8FbQ3750BbzkdCdPP&fccid=fdb210f6a49b1c13&vjs=3
Paid Media Manager,LMHI LLC,"LMHI LLCChicago, IL 60611 (Streeterville area)State & Bellevue",Not listed,$22 an hour,Not listed,https://www.indeed.com/rc/clk?jk=248dfc0503177880&bb=Bx33aS1K6pBID8u1ZmHGd-aEzx_yOAcC4RjWl00wbEa-gte99C8ioJJXCg3NhQJbeXxYps3NVWc94Chy08Yma_NYxGiCfLFFKl34yIvdB5Y%3D&xkcb=SoAt67M3E7y8FbQ3750AbzkdCdPP&fccid=3060ce9b54b784b1&cmp=Community-Lawyers-Group%2C-Ltd.&ti=Media+Manager&vjs=3
Freelance Social Media Marketing Professional,Halo Productions,"Halo ProductionsHybrid remote in Rockaway Beach, NY 11693",Not listed,Not listed,Not listed,https://www.indeed.com/rc/clk?jk=45340339961cfb05&bb=Bx33aS1K6pBID8u1ZmHGd33TIRao7r7QeWaNdjaMVHCTOdvUqL7d1Q3G0Dhrxd6Q0a1SehRV1AEyhz2f60q8PFuY7-qfQ6Vv1CYlrm-76VPc_Jbt866XBA%3D%3D&xkcb=SoCj67M3E7y8FbQ3750HbzkdCdPP&fccid=913f4dcda25810c6&cmp=Halo-Productions&ti=Social+Media+Specialist&vjs=3
"Paid Media Coordinator, A&F Co. (Remote)",Abercrombie and Fitch Co.,"Abercrombie and Fitch Co.Remote in Columbus, OH",Not listed,$18.50 - $23.00 an hour,Not listed,https://www.indeed.com/rc/clk?jk=b5efe0978e158047&bb=Bx33aS1K6pBID8u1ZmHGd7hy5lirpHju5ebyaWXGXTEh9xDy5cclxErpyKLHnjTpoWhjpkhiLhJuPVJgJ8Nf6g2TeYZhlF42bBEHaqaB41Y%3D&xkcb=SoAX67M3E7y8FbQ3750GbzkdCdPP&fccid=05cb80f355ecde16&vjs=3
Social Media Assistant,Kin and Kasa,"Kin and KasaKaty, TX",Not listed,$10 - $12 an hour,Not listed,https://www.indeed.com/rc/clk?jk=90859fe353ab7a86&bb=Bx33aS1K6pBID8u1ZmHGd1qcg9UBz_jfohtW6CFBrvfaR_CKTLv8R55GiLYaQ7CUaOqpSTrJBrSFxUB8XrUd7bni2SlB_WnDoB0DwvWn8Tk%3D&xkcb=SoCK67M3E7y8FbQ3750FbzkdCdPP&fccid=91d40bc072d88722&cmp=Kin-and-Kasa&ti=Social+Media+Specialist&vjs=3
